{"input_weights": [[0.15340827429271675, 0.6512412741431914, 0.8956535776934607, -0.5105710218113613, -0.8826389619899115, -0.5402389669268852, 0.199669120327032, -0.439994812525194, 0.6206816470555911, -0.3286945850985965], [0.6180218292012483, 0.4914267459116368, -0.615818044233817, 0.07092343361837639, -0.7735165035180931, -0.5444198305176642, 0.4768598725860278, -0.1414635926144605, 0.8039711664198914, 0.8721549433544771], [-0.6736467094506726, 0.38074187471742627, 0.38602887956321275, -0.17254873175531338, 0.43701533601474507, -0.7341306718779914, 0.8366470471081993, -0.894074276707771, 0.833903308112447, 0.9198637148913766]], "output_weights": [[0.6616853733585537], [-0.9710062959193158], [-0.7412222340506329], [-0.9570115903599792], [0.7525563321222755], [-0.6168522113660524], [0.737563270669163], [0.3766349259130084], [-0.08238371984295312], [-0.6810056361673165]]}