{"input_weights": [[0.5035035823205096, 0.4657649769621556, 0.9676016487414063, 0.11285455115796643, 0.9147684090388246, -0.15082482945996148, -0.4453689789887717, 0.6775180162751563, -0.03580905801783966, 0.023367493543079244], [-0.9264741872051927, 0.8296761759740782, 0.975753586241952, 0.5277736199952641, 0.3092470000053249, -0.6339323637485286, 0.8668165310139644, 0.9241343448361301, 0.8010634652320721, -0.8249534592057328]], "output_weights": [[-0.25564546325742743], [0.5994167265475245], [-0.5299931697438084], [-0.8965891645189065], [-0.9933626884429154], [0.11429570726765927], [-0.877135812368364], [-0.6551179237252134], [0.3593458630548929], [1.0405153006876457]]}