{"input_weights": [[0.8972584213488133, 0.7748625150053773, 0.8937905625598423, -0.9738746092989902, -0.5391204190288353, 0.02712851787634315, -0.11690382452031199, 0.26683193354566026, -0.698914603925109, -0.9106089746820025], [-0.5107060354322999, 0.9220920529717025, -0.5559747358870457, 0.20192337977209185, -0.5372113512642848, 0.4150290987775909, 0.42797833655107803, -0.030691284428066946, -0.02008889001195847, 0.6362747272419799]], "output_weights": [[-0.7124412924961546], [-0.6894683694568247], [0.11073816157263996], [-0.9526859687584411], [0.6029069696605472], [-0.4968191031190434], [0.7338859554122172], [-0.9825675603667352], [0.4084512297240641], [-0.9466687304102814]]}