{"input_weights": [[-1.1153610839397137, -0.2345852122481067, -0.5414762538088232, -0.9350237301341819, 0.8907793593012578, 0.19284692793212344, -1.0407657084553341, 0.5666694847302477, -0.40356916360759476, -0.3991545517624015], [-0.7071976586268336, 0.8844663283444825, 0.2559064315747243, 0.34011101963756746, 0.10824655067723657, 0.38463022303828615, -0.19129596177620256, -0.4897436127152456, -0.08255240252928597, -1.0555227155864475]], "output_weights": [[1.5798898834743313], [-0.5336876068374515], [0.739238799583855], [0.8411102339251072], [-0.5493726452294418], [-0.13710863136525545], [0.8304990399719123], [-0.06426029716199012], [0.4445538829491864], [0.49802944528950105]]}